District (English),District (Chinese),NDVI Mean,VIIRS Mean
Huangpu District,黄浦区,0.351,69.85
Xuhui District,徐汇区,0.346,61.21
Changning District,长宁区,0.349,55.33
Jing’an District,静安区,0.373,63.01
Putuo District,普陀区,0.4,50.45
Hongkou District,虹口区,0.415,47.99
Yangpu District,杨浦区,0.395,65.95
Pudong New Area,浦东新区,0.355,52.17
Minhang District,闵行区,0.503,31.98
Baoshan District,宝山区,0.453,35.41
Jiading District,嘉定区,0.468,37.84
Jinshan District,金山区,0.632,19.65
Songjiang District,松江区,0.477,33.07
Qingpu District,青浦区,0.684,11.31
Fengxian District,奉贤区,0.667,18.92
Chongming District,崇明区,0.612,15.55